antecedents,consequents,antecedent support,consequent support,support,confidence,lift,leverage,conviction,zhangs_metric,total_items,coverage,rule_set
"frozenset({'occupation_aggregated_Exec-managerial', 'education-num_(10.0, 13.0]'})",frozenset({'education_Bachelors'}),0.08868243243243243,0.22212837837837837,0.08108108108108109,0.9142857142857144,4.116023900054318,0.06138219617421476,9.075168918918928,0.8307170991658944,3,0.08868243243243243,"frozenset({'occupation_aggregated_Exec-managerial', 'education-num_(10.0, 13.0]', 'education_Bachelors'})"
"frozenset({'education_Some-college', 'age_(37.0, 47.0]'})","frozenset({'age_education_interaction_(369.0, 494.0]'})",0.056587837837837836,0.25422297297297297,0.056587837837837836,1.0,3.9335548172757475,0.04220190946859021,inf,0.7905102954341988,3,0.056587837837837836,"frozenset({'age_education_interaction_(369.0, 494.0]', 'education_Some-college', 'age_(37.0, 47.0]'})"
"frozenset({'education_Some-college', 'age_(28.0, 37.0]'})","frozenset({'age_education_interaction_(261.0, 369.0]'})",0.04391891891891892,0.20945945945945946,0.04222972972972973,0.9615384615384615,4.590570719602978,0.033030496712929146,20.55405405405401,0.8180918727915194,3,0.04391891891891892,"frozenset({'age_education_interaction_(261.0, 369.0]', 'education_Some-college', 'age_(28.0, 37.0]'})"
"frozenset({'Cluster_(0.0, 2.0]', 'education-num_(9.0, 10.0]'})",frozenset({'education_Some-college'}),0.18158783783783783,0.18158783783783783,0.18158783783783783,1.0,5.506976744186047,0.14861369498721694,inf,1.0,3,0.18158783783783783,"frozenset({'Cluster_(0.0, 2.0]', 'education-num_(9.0, 10.0]', 'education_Some-college'})"
"frozenset({'Cluster_(0.0, 2.0]', 'education_Some-college'})","frozenset({'education-num_(9.0, 10.0]'})",0.18158783783783783,0.18158783783783783,0.18158783783783783,1.0,5.506976744186047,0.14861369498721694,inf,1.0,3,0.18158783783783783,"frozenset({'Cluster_(0.0, 2.0]', 'education-num_(9.0, 10.0]', 'education_Some-college'})"
"frozenset({'education-num_(9.0, 10.0]'})","frozenset({'Cluster_(0.0, 2.0]', 'education_Some-college'})",0.18158783783783783,0.18158783783783783,0.18158783783783783,1.0,5.506976744186047,0.14861369498721694,inf,1.0,3,0.18158783783783783,"frozenset({'Cluster_(0.0, 2.0]', 'education-num_(9.0, 10.0]', 'education_Some-college'})"
frozenset({'education_Some-college'}),"frozenset({'Cluster_(0.0, 2.0]', 'education-num_(9.0, 10.0]'})",0.18158783783783783,0.18158783783783783,0.18158783783783783,1.0,5.506976744186047,0.14861369498721694,inf,1.0,3,0.18158783783783783,"frozenset({'Cluster_(0.0, 2.0]', 'education-num_(9.0, 10.0]', 'education_Some-college'})"
"frozenset({'education-num_(9.0, 10.0]', 'marital-status_Married-civ-spouse'})",frozenset({'education_Some-college'}),0.1097972972972973,0.18158783783783783,0.1097972972972973,1.0,5.506976744186047,0.08985944348064281,inf,0.9193548387096775,3,0.1097972972972973,"frozenset({'education-num_(9.0, 10.0]', 'marital-status_Married-civ-spouse', 'education_Some-college'})"
"frozenset({'marital-status_Married-civ-spouse', 'education_Some-college'})","frozenset({'education-num_(9.0, 10.0]'})",0.1097972972972973,0.18158783783783783,0.1097972972972973,1.0,5.506976744186047,0.08985944348064281,inf,0.9193548387096775,3,0.1097972972972973,"frozenset({'education-num_(9.0, 10.0]', 'marital-status_Married-civ-spouse', 'education_Some-college'})"
"frozenset({'education-num_(9.0, 10.0]'})","frozenset({'marital-status_Married-civ-spouse', 'education_Some-college'})",0.18158783783783783,0.1097972972972973,0.1097972972972973,0.6046511627906977,5.506976744186047,0.08985944348064281,2.25168918918919,1.0,3,0.18158783783783783,"frozenset({'education-num_(9.0, 10.0]', 'marital-status_Married-civ-spouse', 'education_Some-college'})"
frozenset({'education_Some-college'}),"frozenset({'education-num_(9.0, 10.0]', 'marital-status_Married-civ-spouse'})",0.18158783783783783,0.1097972972972973,0.1097972972972973,0.6046511627906977,5.506976744186047,0.08985944348064281,2.25168918918919,1.0,3,0.18158783783783783,"frozenset({'education-num_(9.0, 10.0]', 'marital-status_Married-civ-spouse', 'education_Some-college'})"
"frozenset({'age_education_interaction_(369.0, 494.0]', 'education-num_(9.0, 10.0]'})",frozenset({'education_Some-college'}),0.06418918918918919,0.18158783783783783,0.06418918918918919,1.0,5.506976744186047,0.05253321311176041,inf,0.8745487364620939,3,0.06418918918918919,"frozenset({'age_education_interaction_(369.0, 494.0]', 'education-num_(9.0, 10.0]', 'education_Some-college'})"
"frozenset({'age_education_interaction_(369.0, 494.0]', 'education_Some-college'})","frozenset({'education-num_(9.0, 10.0]'})",0.06418918918918919,0.18158783783783783,0.06418918918918919,1.0,5.506976744186047,0.05253321311176041,inf,0.8745487364620939,3,0.06418918918918919,"frozenset({'age_education_interaction_(369.0, 494.0]', 'education-num_(9.0, 10.0]', 'education_Some-college'})"
"frozenset({'education-num_(9.0, 10.0]', 'age_(37.0, 47.0]'})","frozenset({'age_education_interaction_(369.0, 494.0]'})",0.056587837837837836,0.25422297297297297,0.056587837837837836,1.0,3.9335548172757475,0.04220190946859021,inf,0.7905102954341988,3,0.056587837837837836,"frozenset({'age_education_interaction_(369.0, 494.0]', 'education-num_(9.0, 10.0]', 'age_(37.0, 47.0]'})"
"frozenset({'education-num_(9.0, 10.0]', 'age_(37.0, 47.0]'})",frozenset({'education_Some-college'}),0.056587837837837836,0.18158783783783783,0.056587837837837836,1.0,5.506976744186047,0.04631217471694667,inf,0.8675022381378693,3,0.056587837837837836,"frozenset({'education-num_(9.0, 10.0]', 'education_Some-college', 'age_(37.0, 47.0]'})"
"frozenset({'education_Some-college', 'age_(37.0, 47.0]'})","frozenset({'education-num_(9.0, 10.0]'})",0.056587837837837836,0.18158783783783783,0.056587837837837836,1.0,5.506976744186047,0.04631217471694667,inf,0.8675022381378693,3,0.056587837837837836,"frozenset({'education-num_(9.0, 10.0]', 'education_Some-college', 'age_(37.0, 47.0]'})"
"frozenset({'education-num_(9.0, 10.0]', 'hours-per-week_(45.0, 99.0]'})",frozenset({'education_Some-college'}),0.04560810810810811,0.18158783783783783,0.04560810810810811,1.0,5.506976744186047,0.0373262303688824,inf,0.8575221238938054,3,0.04560810810810811,"frozenset({'education-num_(9.0, 10.0]', 'education_Some-college', 'hours-per-week_(45.0, 99.0]'})"
"frozenset({'education_Some-college', 'hours-per-week_(45.0, 99.0]'})","frozenset({'education-num_(9.0, 10.0]'})",0.04560810810810811,0.18158783783783783,0.04560810810810811,1.0,5.506976744186047,0.0373262303688824,inf,0.8575221238938054,3,0.04560810810810811,"frozenset({'education-num_(9.0, 10.0]', 'education_Some-college', 'hours-per-week_(45.0, 99.0]'})"
"frozenset({'education-num_(9.0, 10.0]', 'relationship_Not-in-family'})",frozenset({'education_Some-college'}),0.03209459459459459,0.18158783783783783,0.03209459459459459,1.0,5.506976744186047,0.026266606555880204,inf,0.8455497382198953,3,0.03209459459459459,"frozenset({'education-num_(9.0, 10.0]', 'education_Some-college', 'relationship_Not-in-family'})"
"frozenset({'education_Some-college', 'relationship_Not-in-family'})","frozenset({'education-num_(9.0, 10.0]'})",0.03209459459459459,0.18158783783783783,0.03209459459459459,1.0,5.506976744186047,0.026266606555880204,inf,0.8455497382198953,3,0.03209459459459459,"frozenset({'education-num_(9.0, 10.0]', 'education_Some-college', 'relationship_Not-in-family'})"
"frozenset({'education-num_(9.0, 10.0]', 'marital-status_Never-married'})",frozenset({'education_Some-college'}),0.04307432432432432,0.18158783783783783,0.04307432432432432,1.0,5.506976744186047,0.03525255090394448,inf,0.855251544571933,3,0.04307432432432432,"frozenset({'education-num_(9.0, 10.0]', 'marital-status_Never-married', 'education_Some-college'})"
"frozenset({'marital-status_Never-married', 'education_Some-college'})","frozenset({'education-num_(9.0, 10.0]'})",0.04307432432432432,0.18158783783783783,0.04307432432432432,1.0,5.506976744186047,0.03525255090394448,inf,0.855251544571933,3,0.04307432432432432,"frozenset({'education-num_(9.0, 10.0]', 'marital-status_Never-married', 'education_Some-college'})"
"frozenset({'age_education_interaction_(261.0, 369.0]', 'education-num_(9.0, 10.0]'})",frozenset({'education_Some-college'}),0.048986486486486486,0.18158783783783783,0.048986486486486486,1.0,5.506976744186047,0.040091136322132945,inf,0.8605683836589699,3,0.048986486486486486,"frozenset({'age_education_interaction_(261.0, 369.0]', 'education_Some-college', 'education-num_(9.0, 10.0]'})"
"frozenset({'age_education_interaction_(261.0, 369.0]', 'education_Some-college'})","frozenset({'education-num_(9.0, 10.0]'})",0.048986486486486486,0.18158783783783783,0.048986486486486486,1.0,5.506976744186047,0.040091136322132945,inf,0.8605683836589699,3,0.048986486486486486,"frozenset({'age_education_interaction_(261.0, 369.0]', 'education_Some-college', 'education-num_(9.0, 10.0]'})"
"frozenset({'education-num_(9.0, 10.0]', 'age_(28.0, 37.0]'})",frozenset({'education_Some-college'}),0.04391891891891892,0.18158783783783783,0.04391891891891892,1.0,5.506976744186047,0.035943777392257126,inf,0.8560070671378094,3,0.04391891891891892,"frozenset({'education-num_(9.0, 10.0]', 'education_Some-college', 'age_(28.0, 37.0]'})"
"frozenset({'education_Some-college', 'age_(28.0, 37.0]'})","frozenset({'education-num_(9.0, 10.0]'})",0.04391891891891892,0.18158783783783783,0.04391891891891892,1.0,5.506976744186047,0.035943777392257126,inf,0.8560070671378094,3,0.04391891891891892,"frozenset({'education-num_(9.0, 10.0]', 'education_Some-college', 'age_(28.0, 37.0]'})"
"frozenset({'education-num_(9.0, 10.0]', 'age_(28.0, 37.0]'})","frozenset({'age_education_interaction_(261.0, 369.0]'})",0.04391891891891892,0.20945945945945946,0.04222972972972973,0.9615384615384615,4.590570719602978,0.033030496712929146,20.55405405405401,0.8180918727915194,3,0.04391891891891892,"frozenset({'education-num_(9.0, 10.0]', 'age_education_interaction_(261.0, 369.0]', 'age_(28.0, 37.0]'})"
"frozenset({'age_(47.0, 90.0]', 'education-num_(9.0, 10.0]'})",frozenset({'education_Some-college'}),0.0472972972972973,0.18158783783783783,0.0472972972972973,1.0,5.506976744186047,0.03870868334550767,inf,0.8590425531914894,3,0.0472972972972973,"frozenset({'age_(47.0, 90.0]', 'education-num_(9.0, 10.0]', 'education_Some-college'})"
"frozenset({'age_(47.0, 90.0]', 'education_Some-college'})","frozenset({'education-num_(9.0, 10.0]'})",0.0472972972972973,0.18158783783783783,0.0472972972972973,1.0,5.506976744186047,0.03870868334550767,inf,0.8590425531914894,3,0.0472972972972973,"frozenset({'age_(47.0, 90.0]', 'education-num_(9.0, 10.0]', 'education_Some-college'})"
"frozenset({'age_education_interaction_(494.0, 1350.0]', 'education-num_(9.0, 10.0]'})",frozenset({'education_Some-college'}),0.041385135135135136,0.18158783783783783,0.041385135135135136,1.0,5.506976744186047,0.03387009792731921,inf,0.8537444933920704,3,0.041385135135135136,"frozenset({'age_education_interaction_(494.0, 1350.0]', 'education-num_(9.0, 10.0]', 'education_Some-college'})"
"frozenset({'age_education_interaction_(494.0, 1350.0]', 'education_Some-college'})","frozenset({'education-num_(9.0, 10.0]'})",0.041385135135135136,0.18158783783783783,0.041385135135135136,1.0,5.506976744186047,0.03387009792731921,inf,0.8537444933920704,3,0.041385135135135136,"frozenset({'age_education_interaction_(494.0, 1350.0]', 'education-num_(9.0, 10.0]', 'education_Some-college'})"
"frozenset({'occupation_aggregated_Exec-managerial', 'education-num_(9.0, 10.0]'})",frozenset({'education_Some-college'}),0.03125,0.18158783783783783,0.03125,1.0,5.506976744186047,0.025575380067567568,inf,0.8448125544899738,3,0.03125,"frozenset({'occupation_aggregated_Exec-managerial', 'education_Some-college', 'education-num_(9.0, 10.0]'})"
"frozenset({'occupation_aggregated_Exec-managerial', 'education_Some-college'})","frozenset({'education-num_(9.0, 10.0]'})",0.03125,0.18158783783783783,0.03125,1.0,5.506976744186047,0.025575380067567568,inf,0.8448125544899738,3,0.03125,"frozenset({'occupation_aggregated_Exec-managerial', 'education_Some-college', 'education-num_(9.0, 10.0]'})"
"frozenset({'education-num_(9.0, 10.0]', 'occupation_aggregated_Other'})",frozenset({'education_Some-college'}),0.05152027027027027,0.18158783783783783,0.05152027027027027,1.0,5.506976744186047,0.042164815787070854,inf,0.8628673196794301,3,0.05152027027027027,"frozenset({'education-num_(9.0, 10.0]', 'education_Some-college', 'occupation_aggregated_Other'})"
"frozenset({'education_Some-college', 'occupation_aggregated_Other'})","frozenset({'education-num_(9.0, 10.0]'})",0.05152027027027027,0.18158783783783783,0.05152027027027027,1.0,5.506976744186047,0.042164815787070854,inf,0.8628673196794301,3,0.05152027027027027,"frozenset({'education-num_(9.0, 10.0]', 'education_Some-college', 'occupation_aggregated_Other'})"
"frozenset({'education_Bachelors', 'age_(28.0, 37.0]'})","frozenset({'age_education_interaction_(369.0, 494.0]'})",0.06672297297297297,0.25422297297297297,0.06672297297297297,1.0,3.9335548172757475,0.04976046041818846,inf,0.7990950226244345,3,0.06672297297297297,"frozenset({'age_education_interaction_(369.0, 494.0]', 'education_Bachelors', 'age_(28.0, 37.0]'})"
"frozenset({'education_HS-grad', 'age_(28.0, 37.0]'})","frozenset({'age_education_interaction_(261.0, 369.0]'})",0.07094594594594594,0.20945945945945946,0.06503378378378379,0.9166666666666667,4.376344086021506,0.050173484295105916,9.486486486486495,0.8304132231404959,3,0.07094594594594594,"frozenset({'education_HS-grad', 'age_education_interaction_(261.0, 369.0]', 'age_(28.0, 37.0]'})"
"frozenset({'age_education_interaction_(261.0, 369.0]', 'relationship_Not-in-family'})",frozenset({'marital-status_Never-married'}),0.05152027027027027,0.19932432432432431,0.03969594594594594,0.7704918032786885,3.8655181994998613,0.02942670288531775,3.4886583011583006,0.7815691252534056,3,0.05152027027027027,"frozenset({'age_education_interaction_(261.0, 369.0]', 'marital-status_Never-married', 'relationship_Not-in-family'})"
"frozenset({'marital-status_Never-married', 'education_Bachelors'})",frozenset({'relationship_Not-in-family'}),0.04560810810810811,0.21621621621621623,0.03885135135135135,0.8518518518518519,3.9398148148148144,0.028990138787436084,5.29054054054054,0.7818391689111197,3,0.04560810810810811,"frozenset({'marital-status_Never-married', 'relationship_Not-in-family', 'education_Bachelors'})"
"frozenset({'occupation_aggregated_Prof-specialty', 'marital-status_Never-married'})",frozenset({'relationship_Not-in-family'}),0.03800675675675676,0.21621621621621623,0.033783783783783786,0.888888888888889,4.111111111111112,0.025566106647187732,7.054054054054058,0.7866549604916594,3,0.03800675675675676,"frozenset({'occupation_aggregated_Prof-specialty', 'marital-status_Never-married', 'relationship_Not-in-family'})"
"frozenset({'marital-status_Never-married', 'age_(37.0, 47.0]'})",frozenset({'relationship_Not-in-family'}),0.03547297297297297,0.21621621621621623,0.030405405405405407,0.8571428571428572,3.9642857142857144,0.02273557341124909,5.486486486486489,0.7752481027437246,3,0.03547297297297297,"frozenset({'marital-status_Never-married', 'relationship_Not-in-family', 'age_(37.0, 47.0]'})"
"frozenset({'age_education_interaction_(494.0, 1350.0]', 'marital-status_Never-married'})",frozenset({'relationship_Not-in-family'}),0.030405405405405407,0.21621621621621623,0.028716216216216218,0.9444444444444444,4.368055555555555,0.022142074506939374,14.108108108108102,0.7952449272391884,3,0.030405405405405407,"frozenset({'age_education_interaction_(494.0, 1350.0]', 'marital-status_Never-married', 'relationship_Not-in-family'})"
"frozenset({'age_education_interaction_(369.0, 494.0]', 'marital-status_Never-married'})",frozenset({'relationship_Not-in-family'}),0.032939189189189186,0.21621621621621623,0.028716216216216218,0.8717948717948719,4.032051282051283,0.02159422936449964,6.113513513513519,0.777600821988184,3,0.032939189189189186,"frozenset({'age_education_interaction_(369.0, 494.0]', 'marital-status_Never-married', 'relationship_Not-in-family'})"
"frozenset({'age_education_interaction_(494.0, 1350.0]', 'occupation_aggregated_Prof-specialty'})","frozenset({'education-num_(13.0, 16.0]'})",0.13935810810810811,0.18327702702702703,0.09966216216216216,0.7151515151515151,3.9020248568635663,0.07412102241599708,2.8672189476710748,0.8641489662513931,3,0.13935810810810811,"frozenset({'age_education_interaction_(494.0, 1350.0]', 'occupation_aggregated_Prof-specialty', 'education-num_(13.0, 16.0]'})"
"frozenset({'education-num_(13.0, 16.0]'})","frozenset({'age_education_interaction_(494.0, 1350.0]', 'occupation_aggregated_Prof-specialty'})",0.18327702702702703,0.13935810810810811,0.09966216216216216,0.543778801843318,3.9020248568635663,0.07412102241599708,1.88645748020748,0.9106181971149633,3,0.18327702702702703,"frozenset({'age_education_interaction_(494.0, 1350.0]', 'occupation_aggregated_Prof-specialty', 'education-num_(13.0, 16.0]'})"
"frozenset({'occupation_aggregated_Prof-specialty', 'hours-per-week_(45.0, 99.0]'})","frozenset({'education-num_(13.0, 16.0]'})",0.07601351351351351,0.18327702702702703,0.05489864864864865,0.7222222222222222,3.940604198668715,0.040967117878013146,2.940202702702703,0.8076219940936576,3,0.07601351351351351,"frozenset({'occupation_aggregated_Prof-specialty', 'education-num_(13.0, 16.0]', 'hours-per-week_(45.0, 99.0]'})"
frozenset({'education_Masters'}),"frozenset({'education-num_(13.0, 16.0]'})",0.10219594594594594,0.18327702702702703,0.10219594594594594,1.0,5.456221198156682,0.08346577679875822,inf,0.9096895578551271,2,0.10219594594594594,"frozenset({'education_Masters', 'education-num_(13.0, 16.0]'})"
"frozenset({'education-num_(13.0, 16.0]'})",frozenset({'education_Masters'}),0.18327702702702703,0.10219594594594594,0.10219594594594594,0.5576036866359447,5.456221198156682,0.08346577679875822,2.029411247184685,1.0,2,0.18327702702702703,"frozenset({'education_Masters', 'education-num_(13.0, 16.0]'})"
"frozenset({'Cluster_(0.0, 2.0]', 'education_Masters'})","frozenset({'education-num_(13.0, 16.0]'})",0.10219594594594594,0.18327702702702703,0.10219594594594594,1.0,5.456221198156682,0.08346577679875822,inf,0.9096895578551271,3,0.10219594594594594,"frozenset({'Cluster_(0.0, 2.0]', 'education_Masters', 'education-num_(13.0, 16.0]'})"
"frozenset({'Cluster_(0.0, 2.0]', 'education-num_(13.0, 16.0]'})",frozenset({'education_Masters'}),0.18327702702702703,0.10219594594594594,0.10219594594594594,0.5576036866359447,5.456221198156682,0.08346577679875822,2.029411247184685,1.0,3,0.18327702702702703,"frozenset({'Cluster_(0.0, 2.0]', 'education_Masters', 'education-num_(13.0, 16.0]'})"
frozenset({'education_Masters'}),"frozenset({'Cluster_(0.0, 2.0]', 'education-num_(13.0, 16.0]'})",0.10219594594594594,0.18327702702702703,0.10219594594594594,1.0,5.456221198156682,0.08346577679875822,inf,0.9096895578551271,3,0.10219594594594594,"frozenset({'Cluster_(0.0, 2.0]', 'education_Masters', 'education-num_(13.0, 16.0]'})"
"frozenset({'education-num_(13.0, 16.0]'})","frozenset({'Cluster_(0.0, 2.0]', 'education_Masters'})",0.18327702702702703,0.10219594594594594,0.10219594594594594,0.5576036866359447,5.456221198156682,0.08346577679875822,2.029411247184685,1.0,3,0.18327702702702703,"frozenset({'Cluster_(0.0, 2.0]', 'education_Masters', 'education-num_(13.0, 16.0]'})"
"frozenset({'education_Masters', 'race_White'})","frozenset({'education-num_(13.0, 16.0]'})",0.09206081081081081,0.18327702702702703,0.09206081081081081,1.0,5.456221198156682,0.07518817909970782,inf,0.8995348837209303,3,0.09206081081081081,"frozenset({'education-num_(13.0, 16.0]', 'education_Masters', 'race_White'})"
"frozenset({'education-num_(13.0, 16.0]', 'race_White'})",frozenset({'education_Masters'}),0.16469594594594594,0.10219594594594594,0.09206081081081081,0.558974358974359,5.469633396906125,0.07522955282140249,2.035718494657448,0.9782933367965048,3,0.16469594594594594,"frozenset({'education_Masters', 'education-num_(13.0, 16.0]', 'race_White'})"
frozenset({'education_Masters'}),"frozenset({'education-num_(13.0, 16.0]', 'race_White'})",0.10219594594594594,0.16469594594594594,0.09206081081081081,0.9008264462809918,5.469633396906125,0.07522955282140249,8.422649211711722,0.9101901317890341,3,0.10219594594594594,"frozenset({'race_White', 'education_Masters', 'education-num_(13.0, 16.0]'})"
"frozenset({'education-num_(13.0, 16.0]'})","frozenset({'education_Masters', 'race_White'})",0.18327702702702703,0.09206081081081081,0.09206081081081081,0.5023041474654378,5.456221198156682,0.07518817909970782,1.8242852227227229,1.0,3,0.18327702702702703,"frozenset({'education_Masters', 'education-num_(13.0, 16.0]', 'race_White'})"
"frozenset({'education_Masters', 'native_country_aggregated_United-States'})","frozenset({'education-num_(13.0, 16.0]'})",0.09206081081081081,0.18327702702702703,0.09206081081081081,1.0,5.456221198156682,0.07518817909970782,inf,0.8995348837209303,3,0.09206081081081081,"frozenset({'education_Masters', 'education-num_(13.0, 16.0]', 'native_country_aggregated_United-States'})"
"frozenset({'education-num_(13.0, 16.0]', 'native_country_aggregated_United-States'})",frozenset({'education_Masters'}),0.16131756756756757,0.10219594594594594,0.09206081081081081,0.5706806282722513,5.5841806931764095,0.0755748093955442,2.0912265161502965,0.9788242467917625,3,0.16131756756756757,"frozenset({'education_Masters', 'education-num_(13.0, 16.0]', 'native_country_aggregated_United-States'})"
frozenset({'education_Masters'}),"frozenset({'education-num_(13.0, 16.0]', 'native_country_aggregated_United-States'})",0.10219594594594594,0.16131756756756757,0.09206081081081081,0.9008264462809918,5.58418069317641,0.0755748093955442,8.456714527027037,0.9143673349616371,3,0.10219594594594594,"frozenset({'education_Masters', 'education-num_(13.0, 16.0]', 'native_country_aggregated_United-States'})"
"frozenset({'education-num_(13.0, 16.0]'})","frozenset({'education_Masters', 'native_country_aggregated_United-States'})",0.18327702702702703,0.09206081081081081,0.09206081081081081,0.5023041474654378,5.456221198156682,0.07518817909970782,1.8242852227227229,1.0,3,0.18327702702702703,"frozenset({'education_Masters', 'education-num_(13.0, 16.0]', 'native_country_aggregated_United-States'})"
"frozenset({'age_education_interaction_(494.0, 1350.0]', 'education_Masters'})","frozenset({'education-num_(13.0, 16.0]'})",0.08868243243243243,0.18327702702702703,0.08868243243243243,1.0,5.456221198156682,0.07242897986669102,inf,0.8962001853568119,3,0.08868243243243243,"frozenset({'age_education_interaction_(494.0, 1350.0]', 'education_Masters', 'education-num_(13.0, 16.0]'})"
"frozenset({'age_education_interaction_(494.0, 1350.0]', 'education-num_(13.0, 16.0]'})",frozenset({'education_Masters'}),0.16638513513513514,0.10219594594594594,0.08868243243243243,0.532994923857868,5.215421403700129,0.07167854615595325,1.9224717244418328,0.9695855647223427,3,0.16638513513513514,"frozenset({'age_education_interaction_(494.0, 1350.0]', 'education_Masters', 'education-num_(13.0, 16.0]'})"
frozenset({'education_Masters'}),"frozenset({'age_education_interaction_(494.0, 1350.0]', 'education-num_(13.0, 16.0]'})",0.10219594594594594,0.16638513513513514,0.08868243243243243,0.8677685950413223,5.215421403700129,0.07167854615595325,6.30421241554054,0.9002643013931819,3,0.10219594594594594,"frozenset({'age_education_interaction_(494.0, 1350.0]', 'education_Masters', 'education-num_(13.0, 16.0]'})"
"frozenset({'education-num_(13.0, 16.0]'})","frozenset({'age_education_interaction_(494.0, 1350.0]', 'education_Masters'})",0.18327702702702703,0.08868243243243243,0.08868243243243243,0.48387096774193544,5.4562211981566815,0.07242897986669102,1.765677787162162,1.0,3,0.18327702702702703,"frozenset({'age_education_interaction_(494.0, 1350.0]', 'education_Masters', 'education-num_(13.0, 16.0]'})"
"frozenset({'education_Masters', 'marital-status_Married-civ-spouse'})","frozenset({'education-num_(13.0, 16.0]'})",0.07432432432432433,0.18327702702702703,0.07432432432432433,1.0,5.456221198156682,0.060702383126369615,inf,0.8822992700729927,3,0.07432432432432433,"frozenset({'education_Masters', 'education-num_(13.0, 16.0]', 'marital-status_Married-civ-spouse'})"
"frozenset({'education-num_(13.0, 16.0]', 'marital-status_Married-civ-spouse'})",frozenset({'education_Masters'}),0.14020270270270271,0.10219594594594594,0.07432432432432433,0.5301204819277109,5.187294633077766,0.05999617649744339,1.910711191961192,0.9388506876227898,3,0.14020270270270271,"frozenset({'education_Masters', 'education-num_(13.0, 16.0]', 'marital-status_Married-civ-spouse'})"
frozenset({'education_Masters'}),"frozenset({'education-num_(13.0, 16.0]', 'marital-status_Married-civ-spouse'})",0.10219594594594594,0.14020270270270271,0.07432432432432433,0.7272727272727273,5.187294633077765,0.05999617649744339,3.15259009009009,0.8991063029162746,3,0.10219594594594594,"frozenset({'education_Masters', 'education-num_(13.0, 16.0]', 'marital-status_Married-civ-spouse'})"
"frozenset({'education_Masters', 'sex_Male'})","frozenset({'education-num_(13.0, 16.0]'})",0.07263513513513513,0.18327702702702703,0.07263513513513513,1.0,5.456221198156682,0.059322783509861206,inf,0.8806921675774134,3,0.07263513513513513,"frozenset({'education-num_(13.0, 16.0]', 'education_Masters', 'sex_Male'})"
"frozenset({'education-num_(13.0, 16.0]', 'sex_Male'})",frozenset({'education_Masters'}),0.14020270270270271,0.10219594594594594,0.07263513513513513,0.5180722891566264,5.069401573235088,0.05830698730825419,1.8629434121621617,0.93363640517202,3,0.14020270270270271,"frozenset({'education_Masters', 'education-num_(13.0, 16.0]', 'sex_Male'})"
frozenset({'education_Masters'}),"frozenset({'education-num_(13.0, 16.0]', 'sex_Male'})",0.10219594594594594,0.14020270270270271,0.07263513513513513,0.7107438016528925,5.069401573235089,0.05830698730825419,2.9724420849420845,0.8941127567875036,3,0.10219594594594594,"frozenset({'sex_Male', 'education_Masters', 'education-num_(13.0, 16.0]'})"
"frozenset({'occupation_aggregated_Prof-specialty', 'education_Masters'})","frozenset({'education-num_(13.0, 16.0]'})",0.0464527027027027,0.18327702702702703,0.0464527027027027,1.0,5.456221198156682,0.037938989453981005,inf,0.8565101860053144,3,0.0464527027027027,"frozenset({'occupation_aggregated_Prof-specialty', 'education_Masters', 'education-num_(13.0, 16.0]'})"
"frozenset({'education_Masters', 'age_(37.0, 47.0]'})","frozenset({'education-num_(13.0, 16.0]'})",0.044763513513513514,0.18327702702702703,0.044763513513513514,1.0,5.456221198156682,0.03655938983747261,inf,0.8549955791335102,3,0.044763513513513514,"frozenset({'education_Masters', 'education-num_(13.0, 16.0]', 'age_(37.0, 47.0]'})"
"frozenset({'education-num_(13.0, 16.0]', 'age_(37.0, 47.0]'})",frozenset({'education_Masters'}),0.08108108108108109,0.10219594594594594,0.044763513513513514,0.5520833333333333,5.402203856749311,0.03647735573411249,2.004399748585795,0.8867924528301887,3,0.08108108108108109,"frozenset({'education_Masters', 'education-num_(13.0, 16.0]', 'age_(37.0, 47.0]'})"
"frozenset({'education_Masters', 'hours-per-week_(45.0, 99.0]'})","frozenset({'education-num_(13.0, 16.0]'})",0.03462837837837838,0.18327702702702703,0.03462837837837838,1.0,5.456221198156682,0.028281792138422204,inf,0.8460192475940507,3,0.03462837837837838,"frozenset({'education_Masters', 'education-num_(13.0, 16.0]', 'hours-per-week_(45.0, 99.0]'})"
"frozenset({'workclass_Private', 'education_Masters'})","frozenset({'education-num_(13.0, 16.0]'})",0.0625,0.18327702702702703,0.0625,1.0,5.456221198156682,0.051045185810810814,inf,0.8711711711711713,3,0.0625,"frozenset({'workclass_Private', 'education_Masters', 'education-num_(13.0, 16.0]'})"
"frozenset({'workclass_Private', 'education-num_(13.0, 16.0]'})",frozenset({'education_Masters'}),0.09121621621621621,0.10219594594594594,0.0625,0.6851851851851852,6.704621977349251,0.05317807249817385,2.8518481717011133,0.9362503767708229,3,0.09121621621621621,"frozenset({'workclass_Private', 'education_Masters', 'education-num_(13.0, 16.0]'})"
frozenset({'education_Masters'}),"frozenset({'workclass_Private', 'education-num_(13.0, 16.0]'})",0.10219594594594594,0.09121621621621621,0.0625,0.6115702479338844,6.704621977349251,0.05317807249817385,2.3396348476135715,0.9477002873051791,3,0.10219594594594594,"frozenset({'workclass_Private', 'education_Masters', 'education-num_(13.0, 16.0]'})"
"frozenset({'age_(47.0, 90.0]', 'education_Masters'})","frozenset({'education-num_(13.0, 16.0]'})",0.037162162162162164,0.18327702702702703,0.037162162162162164,1.0,5.456221198156682,0.030351191563184807,inf,0.8482456140350876,3,0.037162162162162164,"frozenset({'age_(47.0, 90.0]', 'education_Masters', 'education-num_(13.0, 16.0]'})"
"frozenset({'age_(47.0, 90.0]', 'education-num_(13.0, 16.0]'})",frozenset({'education_Masters'}),0.07179054054054054,0.10219594594594594,0.037162162162162164,0.5176470588235295,5.065240641711231,0.02982545996165084,1.8613010876730391,0.8646496815286624,3,0.07179054054054054,"frozenset({'age_(47.0, 90.0]', 'education_Masters', 'education-num_(13.0, 16.0]'})"
"frozenset({'occupation_aggregated_Exec-managerial', 'education_Masters'})","frozenset({'education-num_(13.0, 16.0]'})",0.03885135135135135,0.18327702702702703,0.03885135135135135,1.0,5.456221198156682,0.031730791179693206,inf,0.8497363796133568,3,0.03885135135135135,"frozenset({'occupation_aggregated_Exec-managerial', 'education_Masters', 'education-num_(13.0, 16.0]'})"
"frozenset({'occupation_aggregated_Exec-managerial', 'education-num_(13.0, 16.0]'})",frozenset({'education_Masters'}),0.04814189189189189,0.10219594594594594,0.03885135135135135,0.8070175438596491,7.896766710163839,0.03393144516983199,4.65225737100737,0.9175379036302612,3,0.04814189189189189,"frozenset({'occupation_aggregated_Exec-managerial', 'education-num_(13.0, 16.0]', 'education_Masters'})"
"frozenset({'education_Masters', 'workclass_Local-gov'})","frozenset({'education-num_(13.0, 16.0]'})",0.02195945945945946,0.18327702702702703,0.02195945945945946,1.0,5.456221198156682,0.017934795014609206,inf,0.8350604490500864,3,0.02195945945945946,"frozenset({'education_Masters', 'education-num_(13.0, 16.0]', 'workclass_Local-gov'})"
"frozenset({'education-num_(13.0, 16.0]', 'workclass_Local-gov'})",frozenset({'education_Masters'}),0.028716216216216218,0.10219594594594594,0.02195945945945946,0.7647058823529411,7.482741857073408,0.01902477857925493,3.815667229729729,0.8919732441471572,3,0.028716216216216218,"frozenset({'education_Masters', 'education-num_(13.0, 16.0]', 'workclass_Local-gov'})"
"frozenset({'age_education_interaction_(494.0, 1350.0]', 'workclass_Local-gov'})",frozenset({'education_Masters'}),0.044763513513513514,0.10219594594594594,0.021114864864864864,0.4716981132075472,4.615624512708561,0.016540215257487216,1.6994148166023166,0.8200530503978779,3,0.044763513513513514,"frozenset({'age_education_interaction_(494.0, 1350.0]', 'education_Masters', 'workclass_Local-gov'})"
"frozenset({'education-num_(9.0, 10.0]', 'occupation_aggregated_Craft-repair'})",frozenset({'education_Some-college'}),0.030405405405405407,0.18158783783783783,0.030405405405405407,1.0,5.506976744186047,0.02488415357925493,inf,0.8440766550522647,3,0.030405405405405407,"frozenset({'education-num_(9.0, 10.0]', 'education_Some-college', 'occupation_aggregated_Craft-repair'})"
"frozenset({'education_Some-college', 'occupation_aggregated_Craft-repair'})","frozenset({'education-num_(9.0, 10.0]'})",0.030405405405405407,0.18158783783783783,0.030405405405405407,1.0,5.506976744186047,0.02488415357925493,inf,0.8440766550522647,3,0.030405405405405407,"frozenset({'education-num_(9.0, 10.0]', 'education_Some-college', 'occupation_aggregated_Craft-repair'})"
"frozenset({'age_(28.0, 37.0]', 'occupation_aggregated_Craft-repair'})","frozenset({'age_education_interaction_(261.0, 369.0]'})",0.03462837837837838,0.20945945945945946,0.028716216216216218,0.8292682926829269,3.9590873328088123,0.02146297479912345,4.630308880308882,0.7742267510678813,3,0.03462837837837838,"frozenset({'age_education_interaction_(261.0, 369.0]', 'age_(28.0, 37.0]', 'occupation_aggregated_Craft-repair'})"
frozenset({'education_Doctorate'}),"frozenset({'education-num_(13.0, 16.0]'})",0.036317567567567564,0.18327702702702703,0.036317567567567564,1.0,5.456221198156682,0.029661391754930603,inf,0.8475021910604733,2,0.036317567567567564,"frozenset({'education_Doctorate', 'education-num_(13.0, 16.0]'})"
"frozenset({'age_education_interaction_(494.0, 1350.0]', 'education_Doctorate'})","frozenset({'education-num_(13.0, 16.0]'})",0.036317567567567564,0.18327702702702703,0.036317567567567564,1.0,5.456221198156682,0.029661391754930603,inf,0.8475021910604733,3,0.036317567567567564,"frozenset({'age_education_interaction_(494.0, 1350.0]', 'education_Doctorate', 'education-num_(13.0, 16.0]'})"
frozenset({'education_Doctorate'}),"frozenset({'age_education_interaction_(494.0, 1350.0]', 'education-num_(13.0, 16.0]'})",0.036317567567567564,0.16638513513513514,0.036317567567567564,1.0,6.010152284263959,0.030274864180058432,inf,0.8650306748466258,3,0.036317567567567564,"frozenset({'age_education_interaction_(494.0, 1350.0]', 'education_Doctorate', 'education-num_(13.0, 16.0]'})"
"frozenset({'Cluster_(0.0, 2.0]', 'education_Doctorate'})","frozenset({'education-num_(13.0, 16.0]'})",0.036317567567567564,0.18327702702702703,0.036317567567567564,1.0,5.456221198156682,0.029661391754930603,inf,0.8475021910604733,3,0.036317567567567564,"frozenset({'Cluster_(0.0, 2.0]', 'education_Doctorate', 'education-num_(13.0, 16.0]'})"
frozenset({'education_Doctorate'}),"frozenset({'Cluster_(0.0, 2.0]', 'education-num_(13.0, 16.0]'})",0.036317567567567564,0.18327702702702703,0.036317567567567564,1.0,5.456221198156682,0.029661391754930603,inf,0.8475021910604733,3,0.036317567567567564,"frozenset({'Cluster_(0.0, 2.0]', 'education_Doctorate', 'education-num_(13.0, 16.0]'})"
"frozenset({'education_Doctorate', 'race_White'})","frozenset({'education-num_(13.0, 16.0]'})",0.032939189189189186,0.18327702702702703,0.032939189189189186,1.0,5.456221198156682,0.026902192521913802,inf,0.8445414847161572,3,0.032939189189189186,"frozenset({'education_Doctorate', 'education-num_(13.0, 16.0]', 'race_White'})"
frozenset({'education_Doctorate'}),"frozenset({'education-num_(13.0, 16.0]', 'race_White'})",0.036317567567567564,0.16469594594594594,0.032939189189189186,0.9069767441860465,5.506976744186046,0.026957833044192837,8.979518581081075,0.8492550394390885,3,0.036317567567567564,"frozenset({'education_Doctorate', 'education-num_(13.0, 16.0]', 'race_White'})"
"frozenset({'education_Doctorate', 'marital-status_Married-civ-spouse'})","frozenset({'education-num_(13.0, 16.0]'})",0.03125,0.18327702702702703,0.03125,1.0,5.456221198156682,0.025522592905405407,inf,0.8430688753269399,3,0.03125,"frozenset({'education_Doctorate', 'marital-status_Married-civ-spouse', 'education-num_(13.0, 16.0]'})"
frozenset({'education_Doctorate'}),"frozenset({'marital-status_Married-civ-spouse', 'education-num_(13.0, 16.0]'})",0.036317567567567564,0.14020270270270271,0.03125,0.8604651162790699,6.13729335948445,0.02615817887143901,6.161880630630634,0.868607433024611,3,0.036317567567567564,"frozenset({'education_Doctorate', 'marital-status_Married-civ-spouse', 'education-num_(13.0, 16.0]'})"
"frozenset({'education_Doctorate', 'native_country_aggregated_United-States'})","frozenset({'education-num_(13.0, 16.0]'})",0.03125,0.18327702702702703,0.03125,1.0,5.456221198156682,0.025522592905405407,inf,0.8430688753269399,3,0.03125,"frozenset({'education_Doctorate', 'education-num_(13.0, 16.0]', 'native_country_aggregated_United-States'})"
frozenset({'education_Doctorate'}),"frozenset({'education-num_(13.0, 16.0]', 'native_country_aggregated_United-States'})",0.036317567567567564,0.16131756756756757,0.03125,0.8604651162790699,5.333982710337271,0.02539133834002922,6.010557432432436,0.8431437572541867,3,0.036317567567567564,"frozenset({'education_Doctorate', 'education-num_(13.0, 16.0]', 'native_country_aggregated_United-States'})"
frozenset({'education_Doctorate'}),"frozenset({'age_education_interaction_(494.0, 1350.0]', 'occupation_aggregated_Prof-specialty'})",0.036317567567567564,0.13935810810810811,0.026182432432432432,0.7209302325581396,5.173220577871741,0.021121284925127833,3.08396677927928,0.8370981877809506,3,0.036317567567567564,"frozenset({'age_education_interaction_(494.0, 1350.0]', 'education_Doctorate', 'occupation_aggregated_Prof-specialty'})"
"frozenset({'education_Doctorate', 'occupation_aggregated_Prof-specialty'})","frozenset({'education-num_(13.0, 16.0]'})",0.026182432432432432,0.18327702702702703,0.026182432432432432,1.0,5.456221198156682,0.021383794055880204,inf,0.8386816999132698,3,0.026182432432432432,"frozenset({'education_Doctorate', 'education-num_(13.0, 16.0]', 'occupation_aggregated_Prof-specialty'})"
frozenset({'education_Doctorate'}),"frozenset({'occupation_aggregated_Prof-specialty', 'education-num_(13.0, 16.0]'})",0.036317567567567564,0.11064189189189189,0.026182432432432432,0.7209302325581396,6.515888514113262,0.022164188047845142,3.186866554054055,0.8784314834186198,3,0.036317567567567564,"frozenset({'education_Doctorate', 'education-num_(13.0, 16.0]', 'occupation_aggregated_Prof-specialty'})"
frozenset({'education_Doctorate'}),"frozenset({'occupation_aggregated_Prof-specialty', 'marital-status_Married-civ-spouse'})",0.036317567567567564,0.14442567567567569,0.022804054054054054,0.627906976744186,4.347613219094247,0.017558864819211102,2.2993559966216215,0.799006719252118,3,0.036317567567567564,"frozenset({'education_Doctorate', 'marital-status_Married-civ-spouse', 'occupation_aggregated_Prof-specialty'})"
"frozenset({'education_Doctorate', 'sex_Male'})","frozenset({'education-num_(13.0, 16.0]'})",0.02787162162162162,0.18327702702702703,0.02787162162162162,1.0,5.456221198156682,0.022763393672388603,inf,0.8401390095569069,3,0.02787162162162162,"frozenset({'education_Doctorate', 'education-num_(13.0, 16.0]', 'sex_Male'})"
frozenset({'education_Doctorate'}),"frozenset({'education-num_(13.0, 16.0]', 'sex_Male'})",0.036317567567567564,0.14020270270270271,0.02787162162162162,0.7674418604651163,5.4738021854861305,0.02277980049306063,3.6971283783783786,0.848113032162112,3,0.036317567567567564,"frozenset({'education_Doctorate', 'education-num_(13.0, 16.0]', 'sex_Male'})"
"frozenset({'age_(47.0, 90.0]', 'education_Doctorate'})","frozenset({'education-num_(13.0, 16.0]'})",0.021114864864864864,0.18327702702702703,0.021114864864864864,1.0,5.456221198156682,0.017244995206355,inf,0.8343399482312337,3,0.021114864864864864,"frozenset({'age_(47.0, 90.0]', 'education_Doctorate', 'education-num_(13.0, 16.0]'})"
frozenset({'education_Doctorate'}),"frozenset({'age_(47.0, 90.0]', 'education-num_(13.0, 16.0]'})",0.036317567567567564,0.07179054054054054,0.021114864864864864,0.5813953488372093,8.098495212038303,0.018507607058071585,2.2173892642642645,0.9095530236634531,3,0.036317567567567564,"frozenset({'age_(47.0, 90.0]', 'education_Doctorate', 'education-num_(13.0, 16.0]'})"
"frozenset({'education-num_(9.0, 10.0]', 'occupation_aggregated_Sales'})",frozenset({'education_Some-college'}),0.02956081081081081,0.18158783783783783,0.02956081081081081,1.0,5.506976744186047,0.024192927090942295,inf,0.8433420365535248,3,0.02956081081081081,"frozenset({'education-num_(9.0, 10.0]', 'education_Some-college', 'occupation_aggregated_Sales'})"
"frozenset({'education_Some-college', 'occupation_aggregated_Sales'})","frozenset({'education-num_(9.0, 10.0]'})",0.02956081081081081,0.18158783783783783,0.02956081081081081,1.0,5.506976744186047,0.024192927090942295,inf,0.8433420365535248,3,0.02956081081081081,"frozenset({'education-num_(9.0, 10.0]', 'education_Some-college', 'occupation_aggregated_Sales'})"
"frozenset({'sex_Male', 'relationship_Own-child'})",frozenset({'marital-status_Never-married'}),0.037162162162162164,0.19932432432432431,0.02956081081081081,0.7954545454545454,3.99075500770416,0.022153487947406868,3.9144144144144137,0.7783458646616542,3,0.037162162162162164,"frozenset({'marital-status_Never-married', 'sex_Male', 'relationship_Own-child'})"
"frozenset({'education-num_(9.0, 10.0]', 'marital-status_Never-married'})",frozenset({'relationship_Own-child'}),0.04307432432432432,0.07179054054054054,0.022804054054054054,0.5294117647058824,7.37439446366782,0.019711725027392258,1.9724451013513513,0.9033048935961558,3,0.04307432432432432,"frozenset({'education-num_(9.0, 10.0]', 'marital-status_Never-married', 'relationship_Own-child'})"
"frozenset({'education-num_(9.0, 10.0]', 'relationship_Own-child'})",frozenset({'marital-status_Never-married'}),0.028716216216216218,0.19932432432432431,0.022804054054054054,0.7941176470588235,3.984047856430708,0.01708021365960555,3.888996138996138,0.7711433172302737,3,0.028716216216216218,"frozenset({'marital-status_Never-married', 'education-num_(9.0, 10.0]', 'relationship_Own-child'})"
"frozenset({'education-num_(9.0, 10.0]', 'relationship_Own-child'})",frozenset({'education_Some-college'}),0.028716216216216218,0.18158783783783783,0.028716216216216218,1.0,5.506976744186047,0.02350170060262966,inf,0.8426086956521739,3,0.028716216216216218,"frozenset({'education-num_(9.0, 10.0]', 'relationship_Own-child', 'education_Some-college'})"
"frozenset({'relationship_Own-child', 'education_Some-college'})","frozenset({'education-num_(9.0, 10.0]'})",0.028716216216216218,0.18158783783783783,0.028716216216216218,1.0,5.506976744186047,0.02350170060262966,inf,0.8426086956521739,3,0.028716216216216218,"frozenset({'education-num_(9.0, 10.0]', 'relationship_Own-child', 'education_Some-college'})"
"frozenset({'marital-status_Never-married', 'education_Some-college'})",frozenset({'relationship_Own-child'}),0.04307432432432432,0.07179054054054054,0.022804054054054054,0.5294117647058824,7.37439446366782,0.019711725027392258,1.9724451013513513,0.9033048935961558,3,0.04307432432432432,"frozenset({'marital-status_Never-married', 'relationship_Own-child', 'education_Some-college'})"
"frozenset({'relationship_Own-child', 'education_Some-college'})",frozenset({'marital-status_Never-married'}),0.028716216216216218,0.19932432432432431,0.022804054054054054,0.7941176470588235,3.984047856430708,0.01708021365960555,3.888996138996138,0.7711433172302737,3,0.028716216216216218,"frozenset({'marital-status_Never-married', 'relationship_Own-child', 'education_Some-college'})"
"frozenset({'Cluster_(0.0, 2.0]', 'relationship_Own-child'})",frozenset({'marital-status_Never-married'}),0.07179054054054054,0.19932432432432431,0.05827702702702703,0.8117647058823529,4.072582253240279,0.04396742604090577,4.253589527027027,0.8128074270417112,3,0.07179054054054054,"frozenset({'Cluster_(0.0, 2.0]', 'marital-status_Never-married', 'relationship_Own-child'})"
frozenset({'relationship_Own-child'}),"frozenset({'Cluster_(0.0, 2.0]', 'marital-status_Never-married'})",0.07179054054054054,0.19932432432432431,0.05827702702702703,0.8117647058823529,4.072582253240279,0.04396742604090577,4.253589527027027,0.8128074270417112,3,0.07179054054054054,"frozenset({'Cluster_(0.0, 2.0]', 'marital-status_Never-married', 'relationship_Own-child'})"
"frozenset({'relationship_Own-child', 'occupation_aggregated_Other'})",frozenset({'marital-status_Never-married'}),0.030405405405405407,0.19932432432432431,0.026182432432432432,0.861111111111111,4.32015065913371,0.02012189554419284,5.764864864864863,0.7926267281105991,3,0.030405405405405407,"frozenset({'marital-status_Never-married', 'relationship_Own-child', 'occupation_aggregated_Other'})"
frozenset({'education_Prof-school'}),"frozenset({'education-num_(13.0, 16.0]'})",0.044763513513513514,0.18327702702702703,0.044763513513513514,1.0,5.456221198156682,0.03655938983747261,inf,0.8549955791335102,2,0.044763513513513514,"frozenset({'education-num_(13.0, 16.0]', 'education_Prof-school'})"
frozenset({'education_Prof-school'}),frozenset({'occupation_aggregated_Prof-specialty'}),0.044763513513513514,0.20861486486486486,0.03800675675675676,0.8490566037735849,4.069971736307387,0.028668422434258583,5.242926520270271,0.7896453482660379,2,0.044763513513513514,"frozenset({'occupation_aggregated_Prof-specialty', 'education_Prof-school'})"
"frozenset({'Cluster_(0.0, 2.0]', 'education_Prof-school'})","frozenset({'education-num_(13.0, 16.0]'})",0.044763513513513514,0.18327702702702703,0.044763513513513514,1.0,5.456221198156682,0.03655938983747261,inf,0.8549955791335102,3,0.044763513513513514,"frozenset({'Cluster_(0.0, 2.0]', 'education-num_(13.0, 16.0]', 'education_Prof-school'})"
frozenset({'education_Prof-school'}),"frozenset({'Cluster_(0.0, 2.0]', 'education-num_(13.0, 16.0]'})",0.044763513513513514,0.18327702702702703,0.044763513513513514,1.0,5.456221198156682,0.03655938983747261,inf,0.8549955791335102,3,0.044763513513513514,"frozenset({'Cluster_(0.0, 2.0]', 'education-num_(13.0, 16.0]', 'education_Prof-school'})"
"frozenset({'age_education_interaction_(494.0, 1350.0]', 'education_Prof-school'})","frozenset({'education-num_(13.0, 16.0]'})",0.041385135135135136,0.18327702702702703,0.041385135135135136,1.0,5.456221198156682,0.033800190604455806,inf,0.8519823788546255,3,0.041385135135135136,"frozenset({'age_education_interaction_(494.0, 1350.0]', 'education-num_(13.0, 16.0]', 'education_Prof-school'})"
frozenset({'education_Prof-school'}),"frozenset({'age_education_interaction_(494.0, 1350.0]', 'education-num_(13.0, 16.0]'})",0.044763513513513514,0.16638513513513514,0.041385135135135136,0.9245283018867925,5.556555885451585,0.03393715189006574,11.045396959459463,0.8584600949132968,3,0.044763513513513514,"frozenset({'age_education_interaction_(494.0, 1350.0]', 'education-num_(13.0, 16.0]', 'education_Prof-school'})"
"frozenset({'sex_Male', 'education_Prof-school'})","frozenset({'education-num_(13.0, 16.0]'})",0.03969594594594594,0.18327702702702703,0.03969594594594594,1.0,5.456221198156682,0.032420590987947404,inf,0.8504837291116975,3,0.03969594594594594,"frozenset({'education-num_(13.0, 16.0]', 'sex_Male', 'education_Prof-school'})"
frozenset({'education_Prof-school'}),"frozenset({'education-num_(13.0, 16.0]', 'sex_Male'})",0.044763513513513514,0.14020270270270271,0.03969594594594594,0.8867924528301886,6.325073880427369,0.03341998036888239,7.59487612612612,0.8813514682920406,3,0.044763513513513514,"frozenset({'education-num_(13.0, 16.0]', 'sex_Male', 'education_Prof-school'})"
"frozenset({'race_White', 'education_Prof-school'})","frozenset({'education-num_(13.0, 16.0]'})",0.03969594594594594,0.18327702702702703,0.03969594594594594,1.0,5.456221198156682,0.032420590987947404,inf,0.8504837291116975,3,0.03969594594594594,"frozenset({'education-num_(13.0, 16.0]', 'race_White', 'education_Prof-school'})"
frozenset({'education_Prof-school'}),"frozenset({'education-num_(13.0, 16.0]', 'race_White'})",0.044763513513513514,0.16469594594594594,0.03969594594594594,0.8867924528301886,5.384421867440735,0.0323235767439737,7.378519144144138,0.8524371202287564,3,0.044763513513513514,"frozenset({'education-num_(13.0, 16.0]', 'race_White', 'education_Prof-school'})"
"frozenset({'Cluster_(0.0, 2.0]', 'education_Prof-school'})",frozenset({'occupation_aggregated_Prof-specialty'}),0.044763513513513514,0.20861486486486486,0.03800675675675676,0.8490566037735849,4.069971736307387,0.028668422434258583,5.242926520270271,0.7896453482660379,3,0.044763513513513514,"frozenset({'Cluster_(0.0, 2.0]', 'occupation_aggregated_Prof-specialty', 'education_Prof-school'})"
frozenset({'education_Prof-school'}),"frozenset({'Cluster_(0.0, 2.0]', 'occupation_aggregated_Prof-specialty'})",0.044763513513513514,0.20861486486486486,0.03800675675675676,0.8490566037735849,4.069971736307387,0.028668422434258583,5.242926520270271,0.7896453482660379,3,0.044763513513513514,"frozenset({'Cluster_(0.0, 2.0]', 'occupation_aggregated_Prof-specialty', 'education_Prof-school'})"
"frozenset({'occupation_aggregated_Prof-specialty', 'education_Prof-school'})","frozenset({'education-num_(13.0, 16.0]'})",0.03800675675675676,0.18327702702702703,0.03800675675675676,1.0,5.456221198156682,0.03104099137143901,inf,0.848990342405619,3,0.03800675675675676,"frozenset({'occupation_aggregated_Prof-specialty', 'education-num_(13.0, 16.0]', 'education_Prof-school'})"
"frozenset({'education-num_(13.0, 16.0]', 'education_Prof-school'})",frozenset({'occupation_aggregated_Prof-specialty'}),0.044763513513513514,0.20861486486486486,0.03800675675675676,0.8490566037735849,4.069971736307387,0.028668422434258583,5.242926520270271,0.7896453482660379,3,0.044763513513513514,"frozenset({'occupation_aggregated_Prof-specialty', 'education-num_(13.0, 16.0]', 'education_Prof-school'})"
frozenset({'education_Prof-school'}),"frozenset({'occupation_aggregated_Prof-specialty', 'education-num_(13.0, 16.0]'})",0.044763513513513514,0.11064189189189189,0.03800675675675676,0.8490566037735849,7.67391617456431,0.03305403693389335,5.891997466216218,0.9104430690637587,3,0.044763513513513514,"frozenset({'occupation_aggregated_Prof-specialty', 'education-num_(13.0, 16.0]', 'education_Prof-school'})"
"frozenset({'race_White', 'education_Prof-school'})",frozenset({'occupation_aggregated_Prof-specialty'}),0.03969594594594594,0.20861486486486486,0.03462837837837838,0.8723404255319149,4.181583254371609,0.026347213979181886,6.19918355855856,0.7923075272969089,3,0.03969594594594594,"frozenset({'occupation_aggregated_Prof-specialty', 'race_White', 'education_Prof-school'})"
frozenset({'education_Prof-school'}),"frozenset({'occupation_aggregated_Prof-specialty', 'race_White'})",0.044763513513513514,0.1891891891891892,0.03462837837837838,0.7735849056603773,4.0889487870619945,0.02615960555149744,3.58108108108108,0.7908391020249723,3,0.044763513513513514,"frozenset({'occupation_aggregated_Prof-specialty', 'race_White', 'education_Prof-school'})"
"frozenset({'sex_Male', 'education_Prof-school'})",frozenset({'occupation_aggregated_Prof-specialty'}),0.03969594594594594,0.20861486486486486,0.03462837837837838,0.8723404255319149,4.181583254371609,0.026347213979181886,6.19918355855856,0.7923075272969089,3,0.03969594594594594,"frozenset({'occupation_aggregated_Prof-specialty', 'sex_Male', 'education_Prof-school'})"
frozenset({'education_Prof-school'}),"frozenset({'occupation_aggregated_Prof-specialty', 'sex_Male'})",0.044763513513513514,0.14020270270270271,0.03462837837837838,0.7735849056603773,5.517617640372811,0.028352412801314827,3.797438063063062,0.8571305341700631,3,0.044763513513513514,"frozenset({'occupation_aggregated_Prof-specialty', 'sex_Male', 'education_Prof-school'})"
"frozenset({'age_education_interaction_(494.0, 1350.0]', 'education_Prof-school'})",frozenset({'occupation_aggregated_Prof-specialty'}),0.041385135135135136,0.20861486486486486,0.03462837837837838,0.8367346938775511,4.010906386846237,0.025994824004747993,4.8472339527027035,0.7830879982808638,3,0.041385135135135136,"frozenset({'age_education_interaction_(494.0, 1350.0]', 'occupation_aggregated_Prof-specialty', 'education_Prof-school'})"
frozenset({'education_Prof-school'}),"frozenset({'age_education_interaction_(494.0, 1350.0]', 'occupation_aggregated_Prof-specialty'})",0.044763513513513514,0.13935810810810811,0.03462837837837838,0.7735849056603773,5.551057747284162,0.028390219822863404,3.8011683558558547,0.8582734898967026,3,0.044763513513513514,"frozenset({'age_education_interaction_(494.0, 1350.0]', 'occupation_aggregated_Prof-specialty', 'education_Prof-school'})"
"frozenset({'native_country_aggregated_United-States', 'education_Prof-school'})","frozenset({'education-num_(13.0, 16.0]'})",0.03800675675675676,0.18327702702702703,0.03800675675675676,1.0,5.456221198156682,0.03104099137143901,inf,0.848990342405619,3,0.03800675675675676,"frozenset({'education-num_(13.0, 16.0]', 'native_country_aggregated_United-States', 'education_Prof-school'})"
frozenset({'education_Prof-school'}),"frozenset({'education-num_(13.0, 16.0]', 'native_country_aggregated_United-States'})",0.044763513513513514,0.16131756756756757,0.03800675675675676,0.8490566037735849,5.263261878889657,0.030785615640978817,5.556271114864867,0.8479614893407997,3,0.044763513513513514,"frozenset({'education-num_(13.0, 16.0]', 'native_country_aggregated_United-States', 'education_Prof-school'})"
"frozenset({'native_country_aggregated_United-States', 'education_Prof-school'})",frozenset({'occupation_aggregated_Prof-specialty'}),0.03800675675675676,0.20861486486486486,0.032939189189189186,0.8666666666666666,4.15438596491228,0.025010414764426586,5.93538851351351,0.7892888498683055,3,0.03800675675675676,"frozenset({'occupation_aggregated_Prof-specialty', 'native_country_aggregated_United-States', 'education_Prof-school'})"
frozenset({'education_Prof-school'}),"frozenset({'occupation_aggregated_Prof-specialty', 'native_country_aggregated_United-States'})",0.044763513513513514,0.1866554054054054,0.032939189189189186,0.7358490566037735,3.9422863485016646,0.024583837426953976,3.0790902509652507,0.7813144709696432,3,0.044763513513513514,"frozenset({'occupation_aggregated_Prof-specialty', 'native_country_aggregated_United-States', 'education_Prof-school'})"
"frozenset({'marital-status_Married-civ-spouse', 'education_Prof-school'})","frozenset({'education-num_(13.0, 16.0]'})",0.03462837837837838,0.18327702702702703,0.03462837837837838,1.0,5.456221198156682,0.028281792138422204,inf,0.8460192475940507,3,0.03462837837837838,"frozenset({'marital-status_Married-civ-spouse', 'education-num_(13.0, 16.0]', 'education_Prof-school'})"
frozenset({'education_Prof-school'}),"frozenset({'education-num_(13.0, 16.0]', 'marital-status_Married-civ-spouse'})",0.044763513513513514,0.14020270270270271,0.03462837837837838,0.7735849056603773,5.517617640372811,0.028352412801314827,3.797438063063062,0.8571305341700631,3,0.044763513513513514,"frozenset({'education-num_(13.0, 16.0]', 'marital-status_Married-civ-spouse', 'education_Prof-school'})"
"frozenset({'marital-status_Married-civ-spouse', 'education_Prof-school'})",frozenset({'occupation_aggregated_Prof-specialty'}),0.03462837837837838,0.20861486486486486,0.030405405405405407,0.8780487804878049,4.208946380961786,0.023181410929510593,6.4893581081081075,0.789758919024011,3,0.03462837837837838,"frozenset({'occupation_aggregated_Prof-specialty', 'marital-status_Married-civ-spouse', 'education_Prof-school'})"
frozenset({'education_Prof-school'}),"frozenset({'occupation_aggregated_Prof-specialty', 'marital-status_Married-civ-spouse'})",0.044763513513513514,0.14442567567567569,0.030405405405405407,0.679245283018868,4.7030784508440915,0.023940404720598978,2.667378775834659,0.8242705570291776,3,0.044763513513513514,"frozenset({'occupation_aggregated_Prof-specialty', 'marital-status_Married-civ-spouse', 'education_Prof-school'})"
"frozenset({'age_(37.0, 47.0]', 'education_Prof-school'})","frozenset({'education-num_(13.0, 16.0]'})",0.024493243243243243,0.18327702702702703,0.024493243243243243,1.0,5.456221198156682,0.020004194439371806,inf,0.8372294372294373,3,0.024493243243243243,"frozenset({'education-num_(13.0, 16.0]', 'age_(37.0, 47.0]', 'education_Prof-school'})"
frozenset({'education_Prof-school'}),"frozenset({'education-num_(13.0, 16.0]', 'age_(37.0, 47.0]'})",0.044763513513513514,0.08108108108108109,0.024493243243243243,0.5471698113207547,6.748427672955974,0.020863769174579987,2.029279279279279,0.8917345041007348,3,0.044763513513513514,"frozenset({'education-num_(13.0, 16.0]', 'age_(37.0, 47.0]', 'education_Prof-school'})"
"frozenset({'age_(37.0, 47.0]', 'education_Prof-school'})",frozenset({'occupation_aggregated_Prof-specialty'}),0.024493243243243243,0.20861486486486486,0.02195945945945946,0.896551724137931,4.297640653357532,0.016849804830168007,7.650056306306307,0.7865800865800866,3,0.024493243243243243,"frozenset({'occupation_aggregated_Prof-specialty', 'age_(37.0, 47.0]', 'education_Prof-school'})"
frozenset({'education_Prof-school'}),"frozenset({'occupation_aggregated_Prof-specialty', 'age_(37.0, 47.0]'})",0.044763513513513514,0.08023648648648649,0.02195945945945946,0.49056603773584906,6.1140019860973185,0.018367792412344777,1.8054617117117118,0.8756376249744949,3,0.044763513513513514,"frozenset({'occupation_aggregated_Prof-specialty', 'age_(37.0, 47.0]', 'education_Prof-school'})"
"frozenset({'hours-per-week_(45.0, 99.0]', 'education_Prof-school'})","frozenset({'education-num_(13.0, 16.0]'})",0.02787162162162162,0.18327702702702703,0.02787162162162162,1.0,5.456221198156682,0.022763393672388603,inf,0.8401390095569069,3,0.02787162162162162,"frozenset({'hours-per-week_(45.0, 99.0]', 'education-num_(13.0, 16.0]', 'education_Prof-school'})"
frozenset({'education_Prof-school'}),"frozenset({'education-num_(13.0, 16.0]', 'hours-per-week_(45.0, 99.0]'})",0.044763513513513514,0.08277027027027027,0.02787162162162162,0.6226415094339622,7.522525991528687,0.024166533509861213,2.4306587837837834,0.907697666318356,3,0.044763513513513514,"frozenset({'hours-per-week_(45.0, 99.0]', 'education-num_(13.0, 16.0]', 'education_Prof-school'})"
frozenset({'education_Prof-school'}),"frozenset({'age_education_interaction_(494.0, 1350.0]', 'hours-per-week_(45.0, 99.0]'})",0.044763513513513514,0.14695945945945946,0.026182432432432432,0.5849056603773585,3.98004771199306,0.019604010682980278,2.055052211302211,0.7838338895068595,3,0.044763513513513514,"frozenset({'age_education_interaction_(494.0, 1350.0]', 'hours-per-week_(45.0, 99.0]', 'education_Prof-school'})"
"frozenset({'hours-per-week_(45.0, 99.0]', 'education_Prof-school'})",frozenset({'occupation_aggregated_Prof-specialty'}),0.02787162162162162,0.20861486486486486,0.02533783783783784,0.9090909090909092,4.357747515642253,0.0195234032596786,8.705236486486493,0.7926151172893137,3,0.02787162162162162,"frozenset({'occupation_aggregated_Prof-specialty', 'hours-per-week_(45.0, 99.0]', 'education_Prof-school'})"
frozenset({'education_Prof-school'}),"frozenset({'occupation_aggregated_Prof-specialty', 'hours-per-week_(45.0, 99.0]'})",0.044763513513513514,0.07601351351351351,0.02533783783783784,0.5660377358490566,7.446540880503145,0.021935205898466033,2.12918625146886,0.9062776304155613,3,0.044763513513513514,"frozenset({'occupation_aggregated_Prof-specialty', 'hours-per-week_(45.0, 99.0]', 'education_Prof-school'})"
frozenset({'race_Asian-Pac-Islander'}),frozenset({'native_country_aggregated_Other'}),0.03209459459459459,0.06587837837837837,0.02195945945945946,0.6842105263157896,10.385964912280706,0.0198451196128561,2.958051801801803,0.9336823734729495,2,0.03209459459459459,"frozenset({'race_Asian-Pac-Islander', 'native_country_aggregated_Other'})"
"frozenset({'Cluster_(0.0, 2.0]', 'race_Asian-Pac-Islander'})",frozenset({'native_country_aggregated_Other'}),0.03209459459459459,0.06587837837837837,0.02195945945945946,0.6842105263157896,10.385964912280706,0.0198451196128561,2.958051801801803,0.9336823734729495,3,0.03209459459459459,"frozenset({'Cluster_(0.0, 2.0]', 'race_Asian-Pac-Islander', 'native_country_aggregated_Other'})"
frozenset({'race_Asian-Pac-Islander'}),"frozenset({'Cluster_(0.0, 2.0]', 'native_country_aggregated_Other'})",0.03209459459459459,0.06587837837837837,0.02195945945945946,0.6842105263157896,10.385964912280706,0.0198451196128561,2.958051801801803,0.9336823734729495,3,0.03209459459459459,"frozenset({'Cluster_(0.0, 2.0]', 'race_Asian-Pac-Islander', 'native_country_aggregated_Other'})"
